,patient,pathway,event_type,event,time,resource_id,run
0,1,1,arrival_departure,arrival,0.0,,1
1,1,1,queue,treatment_wait_begins,0.0,,1
2,1,1,resource_use,treatment_begins,0.0,1.0,1
3,2,2,arrival_departure,arrival,12.021043019829973,,1
4,2,2,queue,treatment_wait_begins,12.021043019829973,,1
5,2,2,resource_use,treatment_begins,12.021043019829973,2.0,1
6,3,2,arrival_departure,arrival,23.70199129895224,,1
7,3,2,queue,treatment_wait_begins,23.70199129895224,,1
8,3,2,resource_use,treatment_begins,23.70199129895224,3.0,1
9,4,2,arrival_departure,arrival,35.625796298323515,,1
10,4,2,queue,treatment_wait_begins,35.625796298323515,,1
11,4,2,resource_use,treatment_begins,35.625796298323515,4.0,1
12,5,2,arrival_departure,arrival,37.02476774758143,,1
13,5,2,queue,treatment_wait_begins,37.02476774758143,,1
14,6,2,arrival_departure,arrival,37.456954746073315,,1
15,6,2,queue,treatment_wait_begins,37.456954746073315,,1
16,1,1,resource_use_end,treatment_complete,41.22601356669928,1.0,1
17,1,1,arrival_departure,depart,41.22601356669928,,1
18,5,2,resource_use,treatment_begins,41.22601356669928,1.0,1
19,7,2,arrival_departure,arrival,44.72025732460407,,1
20,7,2,queue,treatment_wait_begins,44.72025732460407,,1
21,2,2,resource_use_end,treatment_complete,46.891253581909204,2.0,1
22,2,2,arrival_departure,depart,46.891253581909204,,1
23,6,2,resource_use,treatment_begins,46.891253581909204,2.0,1
24,8,2,arrival_departure,arrival,51.770060795891936,,1
25,8,2,queue,treatment_wait_begins,51.770060795891936,,1
26,3,2,resource_use_end,treatment_complete,67.28077406655834,3.0,1
27,3,2,arrival_departure,depart,67.28077406655834,,1
28,7,2,resource_use,treatment_begins,67.28077406655834,3.0,1
29,9,1,arrival_departure,arrival,67.39154057863942,,1
30,9,1,queue,treatment_wait_begins,67.39154057863942,,1
31,10,1,arrival_departure,arrival,67.78801156455697,,1
32,10,1,queue,treatment_wait_begins,67.78801156455697,,1
33,5,2,resource_use_end,treatment_complete,72.35665649200652,1.0,1
34,5,2,arrival_departure,depart,72.35665649200652,,1
35,9,1,resource_use,treatment_begins,72.35665649200652,1.0,1
36,11,2,arrival_departure,arrival,73.02081579727279,,1
37,11,2,queue,treatment_wait_begins,73.02081579727279,,1
38,12,2,arrival_departure,arrival,73.37299733126183,,1
39,12,2,queue,treatment_wait_begins,73.37299733126183,,1
40,13,2,arrival_departure,arrival,78.81811547138163,,1
41,13,2,queue,treatment_wait_begins,78.81811547138163,,1
42,4,2,resource_use_end,treatment_complete,80.24848909995538,4.0,1
43,4,2,arrival_departure,depart,80.24848909995538,,1
44,10,1,resource_use,treatment_begins,80.24848909995538,4.0,1
45,6,2,resource_use_end,treatment_complete,80.6414226555737,2.0,1
46,6,2,arrival_departure,depart,80.6414226555737,,1
47,8,2,resource_use,treatment_begins,80.6414226555737,2.0,1
48,14,1,arrival_departure,arrival,87.47475223580068,,1
49,14,1,queue,treatment_wait_begins,87.47475223580068,,1
50,15,2,arrival_departure,arrival,89.40922635875023,,1
51,15,2,queue,treatment_wait_begins,89.40922635875023,,1
52,16,2,arrival_departure,arrival,95.5671546720581,,1
53,16,2,queue,treatment_wait_begins,95.5671546720581,,1
54,17,2,arrival_departure,arrival,96.33602094118923,,1
55,17,2,queue,treatment_wait_begins,96.33602094118923,,1
56,18,2,arrival_departure,arrival,96.7939072781402,,1
57,18,2,queue,treatment_wait_begins,96.7939072781402,,1
58,19,2,arrival_departure,arrival,98.36980328880216,,1
59,19,2,queue,treatment_wait_begins,98.36980328880216,,1
60,20,1,arrival_departure,arrival,102.87579966565295,,1
61,20,1,queue,treatment_wait_begins,102.87579966565295,,1
62,21,1,arrival_departure,arrival,104.9407263143454,,1
63,21,1,queue,treatment_wait_begins,104.9407263143454,,1
64,7,2,resource_use_end,treatment_complete,107.60875370936559,3.0,1
65,7,2,arrival_departure,depart,107.60875370936559,,1
66,14,1,resource_use,treatment_begins,107.60875370936559,3.0,1
67,9,1,resource_use_end,treatment_complete,110.51521835406044,1.0,1
68,9,1,arrival_departure,depart,110.51521835406044,,1
69,20,1,resource_use,treatment_begins,110.51521835406044,1.0,1
70,22,2,arrival_departure,arrival,111.17765606341352,,1
71,22,2,queue,treatment_wait_begins,111.17765606341352,,1
72,23,2,arrival_departure,arrival,112.29553792447513,,1
73,23,2,queue,treatment_wait_begins,112.29553792447513,,1
74,8,2,resource_use_end,treatment_complete,116.33282776713702,2.0,1
75,8,2,arrival_departure,depart,116.33282776713702,,1
76,21,1,resource_use,treatment_begins,116.33282776713702,2.0,1
77,10,1,resource_use_end,treatment_complete,119.8566567640836,4.0,1
78,10,1,arrival_departure,depart,119.8566567640836,,1
79,11,2,resource_use,treatment_begins,119.8566567640836,4.0,1
80,24,2,arrival_departure,arrival,121.48538924519744,,1
81,24,2,queue,treatment_wait_begins,121.48538924519744,,1
82,25,2,arrival_departure,arrival,127.62081856126873,,1
83,25,2,queue,treatment_wait_begins,127.62081856126873,,1
84,26,2,arrival_departure,arrival,130.89979933108373,,1
85,26,2,queue,treatment_wait_begins,130.89979933108373,,1
86,27,1,arrival_departure,arrival,132.98523286264282,,1
87,27,1,queue,treatment_wait_begins,132.98523286264282,,1
88,28,2,arrival_departure,arrival,135.25183130913413,,1
89,28,2,queue,treatment_wait_begins,135.25183130913413,,1
90,29,2,arrival_departure,arrival,135.6372170444124,,1
91,29,2,queue,treatment_wait_begins,135.6372170444124,,1
92,30,2,arrival_departure,arrival,136.53537831628518,,1
93,30,2,queue,treatment_wait_begins,136.53537831628518,,1
94,31,2,arrival_departure,arrival,139.96198057430644,,1
95,31,2,queue,treatment_wait_begins,139.96198057430644,,1
96,32,2,arrival_departure,arrival,141.90538175510554,,1
97,32,2,queue,treatment_wait_begins,141.90538175510554,,1
98,33,2,arrival_departure,arrival,148.22641604293108,,1
99,33,2,queue,treatment_wait_begins,148.22641604293108,,1
100,34,2,arrival_departure,arrival,151.7688691800117,,1
101,34,2,queue,treatment_wait_begins,151.7688691800117,,1
102,14,1,resource_use_end,treatment_complete,151.89288091863907,3.0,1
103,14,1,arrival_departure,depart,151.89288091863907,,1
104,27,1,resource_use,treatment_begins,151.89288091863907,3.0,1
105,35,2,arrival_departure,arrival,152.9585189515018,,1
106,35,2,queue,treatment_wait_begins,152.9585189515018,,1
107,20,1,resource_use_end,treatment_complete,154.2426115557411,1.0,1
108,20,1,arrival_departure,depart,154.2426115557411,,1
109,12,2,resource_use,treatment_begins,154.2426115557411,1.0,1
110,36,1,arrival_departure,arrival,155.26396063278915,,1
111,36,1,queue,treatment_wait_begins,155.26396063278915,,1
112,21,1,resource_use_end,treatment_complete,156.3516230782147,2.0,1
113,21,1,arrival_departure,depart,156.3516230782147,,1
114,36,1,resource_use,treatment_begins,156.3516230782147,2.0,1
115,37,2,arrival_departure,arrival,158.4717443187417,,1
116,37,2,queue,treatment_wait_begins,158.4717443187417,,1
117,38,2,arrival_departure,arrival,160.19091112593068,,1
118,38,2,queue,treatment_wait_begins,160.19091112593068,,1
119,39,2,arrival_departure,arrival,161.80046723046223,,1
120,39,2,queue,treatment_wait_begins,161.80046723046223,,1
121,11,2,resource_use_end,treatment_complete,165.5287157863366,4.0,1
122,11,2,arrival_departure,depart,165.5287157863366,,1
123,13,2,resource_use,treatment_begins,165.5287157863366,4.0,1
124,40,1,arrival_departure,arrival,166.19504064142495,,1
125,40,1,queue,treatment_wait_begins,166.19504064142495,,1
126,41,2,arrival_departure,arrival,167.67977668606895,,1
127,41,2,queue,treatment_wait_begins,167.67977668606895,,1
128,42,2,arrival_departure,arrival,174.34828881122837,,1
129,42,2,queue,treatment_wait_begins,174.34828881122837,,1
130,43,1,arrival_departure,arrival,181.30260874245792,,1
131,43,1,queue,treatment_wait_begins,181.30260874245792,,1
132,44,2,arrival_departure,arrival,186.72302338228388,,1
133,44,2,queue,treatment_wait_begins,186.72302338228388,,1
134,45,2,arrival_departure,arrival,187.08816512218607,,1
135,45,2,queue,treatment_wait_begins,187.08816512218607,,1
136,12,2,resource_use_end,treatment_complete,189.9062580756693,1.0,1
137,12,2,arrival_departure,depart,189.9062580756693,,1
138,40,1,resource_use,treatment_begins,189.9062580756693,1.0,1
139,46,2,arrival_departure,arrival,192.75850263079985,,1
140,46,2,queue,treatment_wait_begins,192.75850263079985,,1
141,27,1,resource_use_end,treatment_complete,193.96308146336526,3.0,1
142,27,1,arrival_departure,depart,193.96308146336526,,1
143,43,1,resource_use,treatment_begins,193.96308146336526,3.0,1
144,36,1,resource_use_end,treatment_complete,197.907654145809,2.0,1
145,36,1,arrival_departure,depart,197.907654145809,,1
146,15,2,resource_use,treatment_begins,197.907654145809,2.0,1
147,47,2,arrival_departure,arrival,199.5301925701257,,1
148,47,2,queue,treatment_wait_begins,199.5301925701257,,1
149,13,2,resource_use_end,treatment_complete,200.75284436160058,4.0,1
150,13,2,arrival_departure,depart,200.75284436160058,,1
151,16,2,resource_use,treatment_begins,200.75284436160058,4.0,1
152,48,2,arrival_departure,arrival,205.14039082741283,,1
153,48,2,queue,treatment_wait_begins,205.14039082741283,,1
154,49,2,arrival_departure,arrival,206.54063642859495,,1
155,49,2,queue,treatment_wait_begins,206.54063642859495,,1
156,50,2,arrival_departure,arrival,208.1453173837751,,1
157,50,2,queue,treatment_wait_begins,208.1453173837751,,1
158,51,2,arrival_departure,arrival,208.9739969202831,,1
159,51,2,queue,treatment_wait_begins,208.9739969202831,,1
160,52,2,arrival_departure,arrival,210.74581448374042,,1
161,52,2,queue,treatment_wait_begins,210.74581448374042,,1
162,53,2,arrival_departure,arrival,210.85151326578935,,1
163,53,2,queue,treatment_wait_begins,210.85151326578935,,1
164,54,2,arrival_departure,arrival,211.68829524636791,,1
165,54,2,queue,treatment_wait_begins,211.68829524636791,,1
166,55,2,arrival_departure,arrival,218.2635794691037,,1
167,55,2,queue,treatment_wait_begins,218.2635794691037,,1
168,43,1,resource_use_end,treatment_complete,233.40821948692576,3.0,1
169,43,1,arrival_departure,depart,233.40821948692576,,1
170,17,2,resource_use,treatment_begins,233.40821948692576,3.0,1
171,40,1,resource_use_end,treatment_complete,234.18516005122223,1.0,1
172,40,1,arrival_departure,depart,234.18516005122223,,1
173,18,2,resource_use,treatment_begins,234.18516005122223,1.0,1
174,15,2,resource_use_end,treatment_complete,236.69558253423583,2.0,1
175,15,2,arrival_departure,depart,236.69558253423583,,1
176,19,2,resource_use,treatment_begins,236.69558253423583,2.0,1
177,16,2,resource_use_end,treatment_complete,237.21740575373775,4.0,1
178,16,2,arrival_departure,depart,237.21740575373775,,1
179,22,2,resource_use,treatment_begins,237.21740575373775,4.0,1
180,56,2,arrival_departure,arrival,238.24236082502787,,1
181,56,2,queue,treatment_wait_begins,238.24236082502787,,1
182,57,1,arrival_departure,arrival,241.06005128697106,,1
183,57,1,queue,treatment_wait_begins,241.06005128697106,,1
184,58,2,arrival_departure,arrival,242.4802497949752,,1
185,58,2,queue,treatment_wait_begins,242.4802497949752,,1
186,59,2,arrival_departure,arrival,244.4690310645114,,1
187,59,2,queue,treatment_wait_begins,244.4690310645114,,1
188,60,2,arrival_departure,arrival,246.27574217918595,,1
189,60,2,queue,treatment_wait_begins,246.27574217918595,,1
190,61,1,arrival_departure,arrival,246.92391019530396,,1
191,61,1,queue,treatment_wait_begins,246.92391019530396,,1
192,62,2,arrival_departure,arrival,252.340535869662,,1
193,62,2,queue,treatment_wait_begins,252.340535869662,,1
194,63,2,arrival_departure,arrival,259.21978013724924,,1
195,63,2,queue,treatment_wait_begins,259.21978013724924,,1
196,64,2,arrival_departure,arrival,266.7588257904633,,1
197,64,2,queue,treatment_wait_begins,266.7588257904633,,1
198,18,2,resource_use_end,treatment_complete,273.1198644749171,1.0,1
199,18,2,arrival_departure,depart,273.1198644749171,,1
200,57,1,resource_use,treatment_begins,273.1198644749171,1.0,1
201,19,2,resource_use_end,treatment_complete,274.325287938145,2.0,1
202,19,2,arrival_departure,depart,274.325287938145,,1
203,61,1,resource_use,treatment_begins,274.325287938145,2.0,1
204,22,2,resource_use_end,treatment_complete,275.2058178030438,4.0,1
205,22,2,arrival_departure,depart,275.2058178030438,,1
206,23,2,resource_use,treatment_begins,275.2058178030438,4.0,1
207,17,2,resource_use_end,treatment_complete,279.6254685109471,3.0,1
208,17,2,arrival_departure,depart,279.6254685109471,,1
209,24,2,resource_use,treatment_begins,279.6254685109471,3.0,1
210,65,2,arrival_departure,arrival,293.3082397692622,,1
211,65,2,queue,treatment_wait_begins,293.3082397692622,,1
212,66,2,arrival_departure,arrival,303.841540943146,,1
213,66,2,queue,treatment_wait_begins,303.841540943146,,1
214,67,2,arrival_departure,arrival,312.06587014562393,,1
215,67,2,queue,treatment_wait_begins,312.06587014562393,,1
216,57,1,resource_use_end,treatment_complete,315.53088597047247,1.0,1
217,57,1,arrival_departure,depart,315.53088597047247,,1
218,25,2,resource_use,treatment_begins,315.53088597047247,1.0,1
219,61,1,resource_use_end,treatment_complete,315.86421229409024,2.0,1
220,61,1,arrival_departure,depart,315.86421229409024,,1
221,26,2,resource_use,treatment_begins,315.86421229409024,2.0,1
222,23,2,resource_use_end,treatment_complete,316.9900519816555,4.0,1
223,23,2,arrival_departure,depart,316.9900519816555,,1
224,28,2,resource_use,treatment_begins,316.9900519816555,4.0,1
225,68,2,arrival_departure,arrival,317.28332755550696,,1
226,68,2,queue,treatment_wait_begins,317.28332755550696,,1
227,69,2,arrival_departure,arrival,320.2459485503109,,1
228,69,2,queue,treatment_wait_begins,320.2459485503109,,1
229,70,2,arrival_departure,arrival,320.46821633167013,,1
230,70,2,queue,treatment_wait_begins,320.46821633167013,,1
231,24,2,resource_use_end,treatment_complete,321.50391899214605,3.0,1
232,24,2,arrival_departure,depart,321.50391899214605,,1
233,29,2,resource_use,treatment_begins,321.50391899214605,3.0,1
234,71,2,arrival_departure,arrival,325.25123026577114,,1
235,71,2,queue,treatment_wait_begins,325.25123026577114,,1
236,72,1,arrival_departure,arrival,328.35814570323583,,1
237,72,1,queue,treatment_wait_begins,328.35814570323583,,1
238,73,1,arrival_departure,arrival,335.8979525787838,,1
239,73,1,queue,treatment_wait_begins,335.8979525787838,,1
240,74,2,arrival_departure,arrival,346.037960484565,,1
241,74,2,queue,treatment_wait_begins,346.037960484565,,1
242,75,2,arrival_departure,arrival,347.69830455805135,,1
243,75,2,queue,treatment_wait_begins,347.69830455805135,,1
244,76,2,arrival_departure,arrival,347.94705816407,,1
245,76,2,queue,treatment_wait_begins,347.94705816407,,1
246,77,2,arrival_departure,arrival,352.5711693396838,,1
247,77,2,queue,treatment_wait_begins,352.5711693396838,,1
248,26,2,resource_use_end,treatment_complete,353.5967301978835,2.0,1
249,26,2,arrival_departure,depart,353.5967301978835,,1
250,72,1,resource_use,treatment_begins,353.5967301978835,2.0,1
251,28,2,resource_use_end,treatment_complete,354.2286216557717,4.0,1
252,28,2,arrival_departure,depart,354.2286216557717,,1
253,73,1,resource_use,treatment_begins,354.2286216557717,4.0,1
254,29,2,resource_use_end,treatment_complete,357.37027837937836,3.0,1
255,29,2,arrival_departure,depart,357.37027837937836,,1
256,30,2,resource_use,treatment_begins,357.37027837937836,3.0,1
257,78,1,arrival_departure,arrival,365.3382663386541,,1
258,78,1,queue,treatment_wait_begins,365.3382663386541,,1
259,25,2,resource_use_end,treatment_complete,367.35193108649406,1.0,1
260,25,2,arrival_departure,depart,367.35193108649406,,1
261,78,1,resource_use,treatment_begins,367.35193108649406,1.0,1
262,79,2,arrival_departure,arrival,369.44362432169635,,1
263,79,2,queue,treatment_wait_begins,369.44362432169635,,1
264,80,2,arrival_departure,arrival,380.09833875091823,,1
265,80,2,queue,treatment_wait_begins,380.09833875091823,,1
266,81,2,arrival_departure,arrival,383.8634124776174,,1
267,81,2,queue,treatment_wait_begins,383.8634124776174,,1
268,82,2,arrival_departure,arrival,390.4333827158369,,1
269,82,2,queue,treatment_wait_begins,390.4333827158369,,1
270,83,2,arrival_departure,arrival,391.8772976892559,,1
271,83,2,queue,treatment_wait_begins,391.8772976892559,,1
272,84,2,arrival_departure,arrival,392.54938394344936,,1
273,84,2,queue,treatment_wait_begins,392.54938394344936,,1
274,85,2,arrival_departure,arrival,393.26178810715084,,1
275,85,2,queue,treatment_wait_begins,393.26178810715084,,1
276,86,2,arrival_departure,arrival,393.85019969752625,,1
277,86,2,queue,treatment_wait_begins,393.85019969752625,,1
278,87,2,arrival_departure,arrival,394.1235652920939,,1
279,87,2,queue,treatment_wait_begins,394.1235652920939,,1
280,72,1,resource_use_end,treatment_complete,396.45191071385847,2.0,1
281,72,1,arrival_departure,depart,396.45191071385847,,1
282,31,2,resource_use,treatment_begins,396.45191071385847,2.0,1
283,30,2,resource_use_end,treatment_complete,396.50222181208954,3.0,1
284,30,2,arrival_departure,depart,396.50222181208954,,1
285,32,2,resource_use,treatment_begins,396.50222181208954,3.0,1
286,73,1,resource_use_end,treatment_complete,399.91052623913504,4.0,1
287,73,1,arrival_departure,depart,399.91052623913504,,1
288,33,2,resource_use,treatment_begins,399.91052623913504,4.0,1
289,88,2,arrival_departure,arrival,402.7065312495663,,1
290,88,2,queue,treatment_wait_begins,402.7065312495663,,1
291,78,1,resource_use_end,treatment_complete,403.1006558643084,1.0,1
292,78,1,arrival_departure,depart,403.1006558643084,,1
293,34,2,resource_use,treatment_begins,403.1006558643084,1.0,1
294,89,2,arrival_departure,arrival,404.9496062434009,,1
295,89,2,queue,treatment_wait_begins,404.9496062434009,,1
296,90,2,arrival_departure,arrival,406.8802625567264,,1
297,90,2,queue,treatment_wait_begins,406.8802625567264,,1
298,91,2,arrival_departure,arrival,411.5550592296831,,1
299,91,2,queue,treatment_wait_begins,411.5550592296831,,1
300,92,1,arrival_departure,arrival,412.491396507024,,1
301,92,1,queue,treatment_wait_begins,412.491396507024,,1
302,93,2,arrival_departure,arrival,422.0828587162822,,1
303,93,2,queue,treatment_wait_begins,422.0828587162822,,1
304,94,2,arrival_departure,arrival,428.54263891348444,,1
305,94,2,queue,treatment_wait_begins,428.54263891348444,,1
306,95,2,arrival_departure,arrival,430.18884989348794,,1
307,95,2,queue,treatment_wait_begins,430.18884989348794,,1
308,96,2,arrival_departure,arrival,431.1918089653501,,1
309,96,2,queue,treatment_wait_begins,431.1918089653501,,1
310,31,2,resource_use_end,treatment_complete,432.27047862841533,2.0,1
311,31,2,arrival_departure,depart,432.27047862841533,,1
312,92,1,resource_use,treatment_begins,432.27047862841533,2.0,1
313,97,2,arrival_departure,arrival,433.84690701169285,,1
314,97,2,queue,treatment_wait_begins,433.84690701169285,,1
315,98,2,arrival_departure,arrival,435.3710613607267,,1
316,98,2,queue,treatment_wait_begins,435.3710613607267,,1
317,99,2,arrival_departure,arrival,435.7497548551885,,1
318,99,2,queue,treatment_wait_begins,435.7497548551885,,1
319,100,2,arrival_departure,arrival,438.26755384744905,,1
320,100,2,queue,treatment_wait_begins,438.26755384744905,,1
321,32,2,resource_use_end,treatment_complete,439.54250294568897,3.0,1
322,32,2,arrival_departure,depart,439.54250294568897,,1
323,35,2,resource_use,treatment_begins,439.54250294568897,3.0,1
324,33,2,resource_use_end,treatment_complete,443.4502736642007,4.0,1
325,33,2,arrival_departure,depart,443.4502736642007,,1
326,37,2,resource_use,treatment_begins,443.4502736642007,4.0,1
327,34,2,resource_use_end,treatment_complete,445.56898722159673,1.0,1
328,34,2,arrival_departure,depart,445.56898722159673,,1
329,38,2,resource_use,treatment_begins,445.56898722159673,1.0,1
330,101,1,arrival_departure,arrival,449.52694667095466,,1
331,101,1,queue,treatment_wait_begins,449.52694667095466,,1
332,102,2,arrival_departure,arrival,454.5711963577564,,1
333,102,2,queue,treatment_wait_begins,454.5711963577564,,1
334,92,1,resource_use_end,treatment_complete,468.8051197255543,2.0,1
335,92,1,arrival_departure,depart,468.8051197255543,,1
336,101,1,resource_use,treatment_begins,468.8051197255543,2.0,1
337,103,2,arrival_departure,arrival,469.98325248581716,,1
338,103,2,queue,treatment_wait_begins,469.98325248581716,,1
339,104,1,arrival_departure,arrival,480.21541411148286,,1
340,104,1,queue,treatment_wait_begins,480.21541411148286,,1
341,35,2,resource_use_end,treatment_complete,480.39774410631543,3.0,1
342,35,2,arrival_departure,depart,480.39774410631543,,1
343,104,1,resource_use,treatment_begins,480.39774410631543,3.0,1
344,37,2,resource_use_end,treatment_complete,483.7222797172585,4.0,1
345,37,2,arrival_departure,depart,483.7222797172585,,1
346,39,2,resource_use,treatment_begins,483.7222797172585,4.0,1
347,105,2,arrival_departure,arrival,485.8048746056908,,1
348,105,2,queue,treatment_wait_begins,485.8048746056908,,1
349,38,2,resource_use_end,treatment_complete,486.35574841702277,1.0,1
350,38,2,arrival_departure,depart,486.35574841702277,,1
351,41,2,resource_use,treatment_begins,486.35574841702277,1.0,1
352,106,2,arrival_departure,arrival,495.05787658119004,,1
353,106,2,queue,treatment_wait_begins,495.05787658119004,,1
354,107,2,arrival_departure,arrival,498.6925299990245,,1
355,107,2,queue,treatment_wait_begins,498.6925299990245,,1
356,108,2,arrival_departure,arrival,504.0317762790293,,1
357,108,2,queue,treatment_wait_begins,504.0317762790293,,1
358,109,2,arrival_departure,arrival,505.93287070980404,,1
359,109,2,queue,treatment_wait_begins,505.93287070980404,,1
360,110,2,arrival_departure,arrival,507.0281413685315,,1
361,110,2,queue,treatment_wait_begins,507.0281413685315,,1
362,101,1,resource_use_end,treatment_complete,513.0453259889181,2.0,1
363,101,1,arrival_departure,depart,513.0453259889181,,1
364,42,2,resource_use,treatment_begins,513.0453259889181,2.0,1
365,111,2,arrival_departure,arrival,517.7527282881473,,1
366,111,2,queue,treatment_wait_begins,517.7527282881473,,1
367,112,2,arrival_departure,arrival,518.4542430979986,,1
368,112,2,queue,treatment_wait_begins,518.4542430979986,,1
369,113,1,arrival_departure,arrival,519.393738073051,,1
370,113,1,queue,treatment_wait_begins,519.393738073051,,1
371,114,2,arrival_departure,arrival,520.9449467609295,,1
372,114,2,queue,treatment_wait_begins,520.9449467609295,,1
373,104,1,resource_use_end,treatment_complete,521.2094333460852,3.0,1
374,104,1,arrival_departure,depart,521.2094333460852,,1
375,113,1,resource_use,treatment_begins,521.2094333460852,3.0,1
376,115,1,arrival_departure,arrival,525.7824436617983,,1
377,115,1,queue,treatment_wait_begins,525.7824436617983,,1
378,41,2,resource_use_end,treatment_complete,526.3822599668748,1.0,1
379,41,2,arrival_departure,depart,526.3822599668748,,1
380,115,1,resource_use,treatment_begins,526.3822599668748,1.0,1
381,39,2,resource_use_end,treatment_complete,526.9146053453272,4.0,1
382,39,2,arrival_departure,depart,526.9146053453272,,1
383,44,2,resource_use,treatment_begins,526.9146053453272,4.0,1
384,116,2,arrival_departure,arrival,527.8516390419006,,1
385,116,2,queue,treatment_wait_begins,527.8516390419006,,1
386,117,2,arrival_departure,arrival,531.2740537184754,,1
387,117,2,queue,treatment_wait_begins,531.2740537184754,,1
388,118,2,arrival_departure,arrival,542.0729482230992,,1
389,118,2,queue,treatment_wait_begins,542.0729482230992,,1
390,119,2,arrival_departure,arrival,549.7815494032704,,1
391,119,2,queue,treatment_wait_begins,549.7815494032704,,1
392,42,2,resource_use_end,treatment_complete,554.1913498305421,2.0,1
393,42,2,arrival_departure,depart,554.1913498305421,,1
394,45,2,resource_use,treatment_begins,554.1913498305421,2.0,1
395,120,2,arrival_departure,arrival,555.637784355209,,1
396,120,2,queue,treatment_wait_begins,555.637784355209,,1
397,121,2,arrival_departure,arrival,556.4925340075021,,1
398,121,2,queue,treatment_wait_begins,556.4925340075021,,1
399,115,1,resource_use_end,treatment_complete,559.4873956191101,1.0,1
400,115,1,arrival_departure,depart,559.4873956191101,,1
401,46,2,resource_use,treatment_begins,559.4873956191101,1.0,1
402,122,2,arrival_departure,arrival,562.4396386909668,,1
403,122,2,queue,treatment_wait_begins,562.4396386909668,,1
404,113,1,resource_use_end,treatment_complete,564.1463818012539,3.0,1
405,113,1,arrival_departure,depart,564.1463818012539,,1
406,47,2,resource_use,treatment_begins,564.1463818012539,3.0,1
407,123,2,arrival_departure,arrival,564.7120303489662,,1
408,123,2,queue,treatment_wait_begins,564.7120303489662,,1
409,44,2,resource_use_end,treatment_complete,565.0568801115129,4.0,1
410,44,2,arrival_departure,depart,565.0568801115129,,1
411,48,2,resource_use,treatment_begins,565.0568801115129,4.0,1
412,124,1,arrival_departure,arrival,565.3308483334351,,1
413,124,1,queue,treatment_wait_begins,565.3308483334351,,1
414,125,1,arrival_departure,arrival,567.3279769237201,,1
415,125,1,queue,treatment_wait_begins,567.3279769237201,,1
416,126,1,arrival_departure,arrival,567.6807641046768,,1
417,126,1,queue,treatment_wait_begins,567.6807641046768,,1
418,127,2,arrival_departure,arrival,572.2561898552816,,1
419,127,2,queue,treatment_wait_begins,572.2561898552816,,1
420,128,2,arrival_departure,arrival,577.1145744627127,,1
421,128,2,queue,treatment_wait_begins,577.1145744627127,,1
422,129,1,arrival_departure,arrival,578.5860750092377,,1
423,129,1,queue,treatment_wait_begins,578.5860750092377,,1
424,130,2,arrival_departure,arrival,578.8152820943683,,1
425,130,2,queue,treatment_wait_begins,578.8152820943683,,1
426,45,2,resource_use_end,treatment_complete,591.6245692350104,2.0,1
427,45,2,arrival_departure,depart,591.6245692350104,,1
428,124,1,resource_use,treatment_begins,591.6245692350104,2.0,1
429,131,2,arrival_departure,arrival,592.4618343293209,,1
430,131,2,queue,treatment_wait_begins,592.4618343293209,,1
431,46,2,resource_use_end,treatment_complete,596.1433898790066,1.0,1
432,46,2,arrival_departure,depart,596.1433898790066,,1
433,125,1,resource_use,treatment_begins,596.1433898790066,1.0,1
434,132,1,arrival_departure,arrival,596.5008301269899,,1
435,132,1,queue,treatment_wait_begins,596.5008301269899,,1
