,patient,event_type,arrival,depart,treatment_begins,treatment_complete,treatment_wait_begins
0,1,arrival_departure,0.0,41.22601356669928,,,
1,1,queue,,,,,0.0
2,1,resource_use,,,0.0,,
3,1,resource_use_end,,,,41.22601356669928,
4,2,arrival_departure,12.021043019829973,46.891253581909204,,,
5,2,queue,,,,,12.021043019829973
6,2,resource_use,,,12.021043019829973,,
7,2,resource_use_end,,,,46.891253581909204,
8,3,arrival_departure,23.70199129895224,67.28077406655834,,,
9,3,queue,,,,,23.70199129895224
10,3,resource_use,,,23.70199129895224,,
11,3,resource_use_end,,,,67.28077406655834,
12,4,arrival_departure,35.625796298323515,80.24848909995538,,,
13,4,queue,,,,,35.625796298323515
14,4,resource_use,,,35.625796298323515,,
15,4,resource_use_end,,,,80.24848909995538,
16,5,arrival_departure,37.02476774758143,72.35665649200652,,,
17,5,queue,,,,,37.02476774758143
18,5,resource_use,,,41.22601356669928,,
19,5,resource_use_end,,,,72.35665649200652,
20,6,arrival_departure,37.456954746073315,80.6414226555737,,,
21,6,queue,,,,,37.456954746073315
22,6,resource_use,,,46.891253581909204,,
23,6,resource_use_end,,,,80.6414226555737,
24,7,arrival_departure,44.72025732460407,107.60875370936559,,,
25,7,queue,,,,,44.72025732460407
26,7,resource_use,,,67.28077406655834,,
27,7,resource_use_end,,,,107.60875370936559,
28,8,arrival_departure,51.770060795891936,116.33282776713702,,,
29,8,queue,,,,,51.770060795891936
30,8,resource_use,,,80.6414226555737,,
31,8,resource_use_end,,,,116.33282776713702,
32,9,arrival_departure,67.39154057863942,110.51521835406044,,,
33,9,queue,,,,,67.39154057863942
34,9,resource_use,,,72.35665649200652,,
35,9,resource_use_end,,,,110.51521835406044,
36,10,arrival_departure,67.78801156455697,119.8566567640836,,,
37,10,queue,,,,,67.78801156455697
38,10,resource_use,,,80.24848909995538,,
39,10,resource_use_end,,,,119.8566567640836,
40,11,arrival_departure,73.02081579727279,165.5287157863366,,,
41,11,queue,,,,,73.02081579727279
42,11,resource_use,,,119.8566567640836,,
43,11,resource_use_end,,,,165.5287157863366,
44,12,arrival_departure,73.37299733126183,189.9062580756693,,,
45,12,queue,,,,,73.37299733126183
46,12,resource_use,,,154.2426115557411,,
47,12,resource_use_end,,,,189.9062580756693,
48,13,arrival_departure,78.81811547138163,200.75284436160058,,,
49,13,queue,,,,,78.81811547138163
50,13,resource_use,,,165.5287157863366,,
51,13,resource_use_end,,,,200.75284436160058,
52,14,arrival_departure,87.47475223580068,151.89288091863907,,,
53,14,queue,,,,,87.47475223580068
54,14,resource_use,,,107.60875370936559,,
55,14,resource_use_end,,,,151.89288091863907,
56,15,arrival_departure,89.40922635875023,236.69558253423583,,,
57,15,queue,,,,,89.40922635875023
58,15,resource_use,,,197.907654145809,,
59,15,resource_use_end,,,,236.69558253423583,
60,16,arrival_departure,95.5671546720581,237.21740575373775,,,
61,16,queue,,,,,95.5671546720581
62,16,resource_use,,,200.75284436160058,,
63,16,resource_use_end,,,,237.21740575373775,
64,17,arrival_departure,96.33602094118923,279.6254685109471,,,
65,17,queue,,,,,96.33602094118923
66,17,resource_use,,,233.40821948692576,,
67,17,resource_use_end,,,,279.6254685109471,
68,18,arrival_departure,96.7939072781402,273.1198644749171,,,
69,18,queue,,,,,96.7939072781402
70,18,resource_use,,,234.18516005122223,,
71,18,resource_use_end,,,,273.1198644749171,
72,19,arrival_departure,98.36980328880216,274.325287938145,,,
73,19,queue,,,,,98.36980328880216
74,19,resource_use,,,236.69558253423583,,
75,19,resource_use_end,,,,274.325287938145,
76,20,arrival_departure,102.87579966565295,154.2426115557411,,,
77,20,queue,,,,,102.87579966565295
78,20,resource_use,,,110.51521835406044,,
79,20,resource_use_end,,,,154.2426115557411,
80,21,arrival_departure,104.9407263143454,156.3516230782147,,,
81,21,queue,,,,,104.9407263143454
82,21,resource_use,,,116.33282776713702,,
83,21,resource_use_end,,,,156.3516230782147,
84,22,arrival_departure,111.17765606341352,275.2058178030438,,,
85,22,queue,,,,,111.17765606341352
86,22,resource_use,,,237.21740575373775,,
87,22,resource_use_end,,,,275.2058178030438,
88,23,arrival_departure,112.29553792447513,316.9900519816555,,,
89,23,queue,,,,,112.29553792447513
90,23,resource_use,,,275.2058178030438,,
91,23,resource_use_end,,,,316.9900519816555,
92,24,arrival_departure,121.48538924519744,321.50391899214605,,,
93,24,queue,,,,,121.48538924519744
94,24,resource_use,,,279.6254685109471,,
95,24,resource_use_end,,,,321.50391899214605,
96,25,arrival_departure,127.62081856126873,367.35193108649406,,,
97,25,queue,,,,,127.62081856126873
98,25,resource_use,,,315.53088597047247,,
99,25,resource_use_end,,,,367.35193108649406,
100,26,arrival_departure,130.89979933108373,353.5967301978835,,,
101,26,queue,,,,,130.89979933108373
102,26,resource_use,,,315.86421229409024,,
103,26,resource_use_end,,,,353.5967301978835,
104,27,arrival_departure,132.98523286264282,193.96308146336526,,,
105,27,queue,,,,,132.98523286264282
106,27,resource_use,,,151.89288091863907,,
107,27,resource_use_end,,,,193.96308146336526,
108,28,arrival_departure,135.25183130913413,354.2286216557717,,,
109,28,queue,,,,,135.25183130913413
110,28,resource_use,,,316.9900519816555,,
111,28,resource_use_end,,,,354.2286216557717,
112,29,arrival_departure,135.6372170444124,357.37027837937836,,,
113,29,queue,,,,,135.6372170444124
114,29,resource_use,,,321.50391899214605,,
115,29,resource_use_end,,,,357.37027837937836,
116,30,arrival_departure,136.53537831628518,396.50222181208954,,,
117,30,queue,,,,,136.53537831628518
118,30,resource_use,,,357.37027837937836,,
119,30,resource_use_end,,,,396.50222181208954,
120,31,arrival_departure,139.96198057430644,432.27047862841533,,,
121,31,queue,,,,,139.96198057430644
122,31,resource_use,,,396.45191071385847,,
123,31,resource_use_end,,,,432.27047862841533,
124,32,arrival_departure,141.90538175510554,439.54250294568897,,,
125,32,queue,,,,,141.90538175510554
126,32,resource_use,,,396.50222181208954,,
127,32,resource_use_end,,,,439.54250294568897,
128,33,arrival_departure,148.22641604293108,443.4502736642007,,,
129,33,queue,,,,,148.22641604293108
130,33,resource_use,,,399.91052623913504,,
131,33,resource_use_end,,,,443.4502736642007,
132,34,arrival_departure,151.7688691800117,445.56898722159673,,,
133,34,queue,,,,,151.7688691800117
134,34,resource_use,,,403.1006558643084,,
135,34,resource_use_end,,,,445.56898722159673,
136,35,arrival_departure,152.9585189515018,480.39774410631543,,,
137,35,queue,,,,,152.9585189515018
138,35,resource_use,,,439.54250294568897,,
139,35,resource_use_end,,,,480.39774410631543,
140,36,arrival_departure,155.26396063278915,197.907654145809,,,
141,36,queue,,,,,155.26396063278915
142,36,resource_use,,,156.3516230782147,,
143,36,resource_use_end,,,,197.907654145809,
144,37,arrival_departure,158.4717443187417,483.7222797172585,,,
145,37,queue,,,,,158.4717443187417
146,37,resource_use,,,443.4502736642007,,
147,37,resource_use_end,,,,483.7222797172585,
148,38,arrival_departure,160.19091112593068,486.35574841702277,,,
149,38,queue,,,,,160.19091112593068
150,38,resource_use,,,445.56898722159673,,
151,38,resource_use_end,,,,486.35574841702277,
152,39,arrival_departure,161.80046723046223,526.9146053453272,,,
153,39,queue,,,,,161.80046723046223
154,39,resource_use,,,483.7222797172585,,
155,39,resource_use_end,,,,526.9146053453272,
156,40,arrival_departure,166.19504064142495,234.18516005122223,,,
157,40,queue,,,,,166.19504064142495
158,40,resource_use,,,189.9062580756693,,
159,40,resource_use_end,,,,234.18516005122223,
160,41,arrival_departure,167.67977668606895,526.3822599668748,,,
161,41,queue,,,,,167.67977668606895
162,41,resource_use,,,486.35574841702277,,
163,41,resource_use_end,,,,526.3822599668748,
164,42,arrival_departure,174.34828881122837,554.1913498305421,,,
165,42,queue,,,,,174.34828881122837
166,42,resource_use,,,513.0453259889181,,
167,42,resource_use_end,,,,554.1913498305421,
168,43,arrival_departure,181.30260874245792,233.40821948692576,,,
169,43,queue,,,,,181.30260874245792
170,43,resource_use,,,193.96308146336526,,
171,43,resource_use_end,,,,233.40821948692576,
172,44,arrival_departure,186.72302338228388,565.0568801115129,,,
173,44,queue,,,,,186.72302338228388
174,44,resource_use,,,526.9146053453272,,
175,44,resource_use_end,,,,565.0568801115129,
176,45,arrival_departure,187.08816512218607,591.6245692350104,,,
177,45,queue,,,,,187.08816512218607
178,45,resource_use,,,554.1913498305421,,
179,45,resource_use_end,,,,591.6245692350104,
180,46,arrival_departure,192.75850263079985,596.1433898790066,,,
181,46,queue,,,,,192.75850263079985
182,46,resource_use,,,559.4873956191101,,
183,46,resource_use_end,,,,596.1433898790066,
184,47,arrival_departure,199.5301925701257,,,,
185,47,queue,,,,,199.5301925701257
186,47,resource_use,,,564.1463818012539,,
187,48,arrival_departure,205.14039082741283,,,,
188,48,queue,,,,,205.14039082741283
189,48,resource_use,,,565.0568801115129,,
190,49,arrival_departure,206.54063642859495,,,,
191,49,queue,,,,,206.54063642859495
192,50,arrival_departure,208.1453173837751,,,,
193,50,queue,,,,,208.1453173837751
194,51,arrival_departure,208.9739969202831,,,,
195,51,queue,,,,,208.9739969202831
196,52,arrival_departure,210.74581448374042,,,,
197,52,queue,,,,,210.74581448374042
198,53,arrival_departure,210.85151326578935,,,,
199,53,queue,,,,,210.85151326578935
200,54,arrival_departure,211.68829524636791,,,,
201,54,queue,,,,,211.68829524636791
202,55,arrival_departure,218.2635794691037,,,,
203,55,queue,,,,,218.2635794691037
204,56,arrival_departure,238.24236082502787,,,,
205,56,queue,,,,,238.24236082502787
206,57,arrival_departure,241.06005128697106,315.53088597047247,,,
207,57,queue,,,,,241.06005128697106
208,57,resource_use,,,273.1198644749171,,
209,57,resource_use_end,,,,315.53088597047247,
210,58,arrival_departure,242.4802497949752,,,,
211,58,queue,,,,,242.4802497949752
212,59,arrival_departure,244.4690310645114,,,,
213,59,queue,,,,,244.4690310645114
214,60,arrival_departure,246.27574217918595,,,,
215,60,queue,,,,,246.27574217918595
216,61,arrival_departure,246.92391019530396,315.86421229409024,,,
217,61,queue,,,,,246.92391019530396
218,61,resource_use,,,274.325287938145,,
219,61,resource_use_end,,,,315.86421229409024,
220,62,arrival_departure,252.340535869662,,,,
221,62,queue,,,,,252.340535869662
222,63,arrival_departure,259.21978013724924,,,,
223,63,queue,,,,,259.21978013724924
224,64,arrival_departure,266.7588257904633,,,,
225,64,queue,,,,,266.7588257904633
226,65,arrival_departure,293.3082397692622,,,,
227,65,queue,,,,,293.3082397692622
228,66,arrival_departure,303.841540943146,,,,
229,66,queue,,,,,303.841540943146
230,67,arrival_departure,312.06587014562393,,,,
231,67,queue,,,,,312.06587014562393
232,68,arrival_departure,317.28332755550696,,,,
233,68,queue,,,,,317.28332755550696
234,69,arrival_departure,320.2459485503109,,,,
235,69,queue,,,,,320.2459485503109
236,70,arrival_departure,320.46821633167013,,,,
237,70,queue,,,,,320.46821633167013
238,71,arrival_departure,325.25123026577114,,,,
239,71,queue,,,,,325.25123026577114
240,72,arrival_departure,328.35814570323583,396.45191071385847,,,
241,72,queue,,,,,328.35814570323583
242,72,resource_use,,,353.5967301978835,,
243,72,resource_use_end,,,,396.45191071385847,
244,73,arrival_departure,335.8979525787838,399.91052623913504,,,
245,73,queue,,,,,335.8979525787838
246,73,resource_use,,,354.2286216557717,,
247,73,resource_use_end,,,,399.91052623913504,
248,74,arrival_departure,346.037960484565,,,,
249,74,queue,,,,,346.037960484565
250,75,arrival_departure,347.69830455805135,,,,
251,75,queue,,,,,347.69830455805135
252,76,arrival_departure,347.94705816407,,,,
253,76,queue,,,,,347.94705816407
254,77,arrival_departure,352.5711693396838,,,,
255,77,queue,,,,,352.5711693396838
256,78,arrival_departure,365.3382663386541,403.1006558643084,,,
257,78,queue,,,,,365.3382663386541
258,78,resource_use,,,367.35193108649406,,
259,78,resource_use_end,,,,403.1006558643084,
260,79,arrival_departure,369.44362432169635,,,,
261,79,queue,,,,,369.44362432169635
262,80,arrival_departure,380.09833875091823,,,,
263,80,queue,,,,,380.09833875091823
264,81,arrival_departure,383.8634124776174,,,,
265,81,queue,,,,,383.8634124776174
266,82,arrival_departure,390.4333827158369,,,,
267,82,queue,,,,,390.4333827158369
268,83,arrival_departure,391.8772976892559,,,,
269,83,queue,,,,,391.8772976892559
270,84,arrival_departure,392.54938394344936,,,,
271,84,queue,,,,,392.54938394344936
272,85,arrival_departure,393.26178810715084,,,,
273,85,queue,,,,,393.26178810715084
274,86,arrival_departure,393.85019969752625,,,,
275,86,queue,,,,,393.85019969752625
276,87,arrival_departure,394.1235652920939,,,,
277,87,queue,,,,,394.1235652920939
278,88,arrival_departure,402.7065312495663,,,,
279,88,queue,,,,,402.7065312495663
280,89,arrival_departure,404.9496062434009,,,,
281,89,queue,,,,,404.9496062434009
282,90,arrival_departure,406.8802625567264,,,,
283,90,queue,,,,,406.8802625567264
284,91,arrival_departure,411.5550592296831,,,,
285,91,queue,,,,,411.5550592296831
286,92,arrival_departure,412.491396507024,468.8051197255543,,,
287,92,queue,,,,,412.491396507024
288,92,resource_use,,,432.27047862841533,,
289,92,resource_use_end,,,,468.8051197255543,
290,93,arrival_departure,422.0828587162822,,,,
291,93,queue,,,,,422.0828587162822
292,94,arrival_departure,428.54263891348444,,,,
293,94,queue,,,,,428.54263891348444
294,95,arrival_departure,430.18884989348794,,,,
295,95,queue,,,,,430.18884989348794
296,96,arrival_departure,431.1918089653501,,,,
297,96,queue,,,,,431.1918089653501
298,97,arrival_departure,433.84690701169285,,,,
299,97,queue,,,,,433.84690701169285
300,98,arrival_departure,435.3710613607267,,,,
301,98,queue,,,,,435.3710613607267
302,99,arrival_departure,435.7497548551885,,,,
303,99,queue,,,,,435.7497548551885
304,100,arrival_departure,438.26755384744905,,,,
305,100,queue,,,,,438.26755384744905
306,101,arrival_departure,449.52694667095466,513.0453259889181,,,
307,101,queue,,,,,449.52694667095466
308,101,resource_use,,,468.8051197255543,,
309,101,resource_use_end,,,,513.0453259889181,
310,102,arrival_departure,454.5711963577564,,,,
311,102,queue,,,,,454.5711963577564
312,103,arrival_departure,469.98325248581716,,,,
313,103,queue,,,,,469.98325248581716
314,104,arrival_departure,480.21541411148286,521.2094333460852,,,
315,104,queue,,,,,480.21541411148286
316,104,resource_use,,,480.39774410631543,,
317,104,resource_use_end,,,,521.2094333460852,
318,105,arrival_departure,485.8048746056908,,,,
319,105,queue,,,,,485.8048746056908
320,106,arrival_departure,495.05787658119004,,,,
321,106,queue,,,,,495.05787658119004
322,107,arrival_departure,498.6925299990245,,,,
323,107,queue,,,,,498.6925299990245
324,108,arrival_departure,504.0317762790293,,,,
325,108,queue,,,,,504.0317762790293
326,109,arrival_departure,505.93287070980404,,,,
327,109,queue,,,,,505.93287070980404
328,110,arrival_departure,507.0281413685315,,,,
329,110,queue,,,,,507.0281413685315
330,111,arrival_departure,517.7527282881473,,,,
331,111,queue,,,,,517.7527282881473
332,112,arrival_departure,518.4542430979986,,,,
333,112,queue,,,,,518.4542430979986
334,113,arrival_departure,519.393738073051,564.1463818012539,,,
335,113,queue,,,,,519.393738073051
336,113,resource_use,,,521.2094333460852,,
337,113,resource_use_end,,,,564.1463818012539,
338,114,arrival_departure,520.9449467609295,,,,
339,114,queue,,,,,520.9449467609295
340,115,arrival_departure,525.7824436617983,559.4873956191101,,,
341,115,queue,,,,,525.7824436617983
342,115,resource_use,,,526.3822599668748,,
343,115,resource_use_end,,,,559.4873956191101,
344,116,arrival_departure,527.8516390419006,,,,
345,116,queue,,,,,527.8516390419006
346,117,arrival_departure,531.2740537184754,,,,
347,117,queue,,,,,531.2740537184754
348,118,arrival_departure,542.0729482230992,,,,
349,118,queue,,,,,542.0729482230992
350,119,arrival_departure,549.7815494032704,,,,
351,119,queue,,,,,549.7815494032704
352,120,arrival_departure,555.637784355209,,,,
353,120,queue,,,,,555.637784355209
354,121,arrival_departure,556.4925340075021,,,,
355,121,queue,,,,,556.4925340075021
356,122,arrival_departure,562.4396386909668,,,,
357,122,queue,,,,,562.4396386909668
358,123,arrival_departure,564.7120303489662,,,,
359,123,queue,,,,,564.7120303489662
360,124,arrival_departure,565.3308483334351,,,,
361,124,queue,,,,,565.3308483334351
362,124,resource_use,,,591.6245692350104,,
363,125,arrival_departure,567.3279769237201,,,,
364,125,queue,,,,,567.3279769237201
365,125,resource_use,,,596.1433898790066,,
366,126,arrival_departure,567.6807641046768,,,,
367,126,queue,,,,,567.6807641046768
368,127,arrival_departure,572.2561898552816,,,,
369,127,queue,,,,,572.2561898552816
370,128,arrival_departure,577.1145744627127,,,,
371,128,queue,,,,,577.1145744627127
372,129,arrival_departure,578.5860750092377,,,,
373,129,queue,,,,,578.5860750092377
374,130,arrival_departure,578.8152820943683,,,,
375,130,queue,,,,,578.8152820943683
376,131,arrival_departure,592.4618343293209,,,,
377,131,queue,,,,,592.4618343293209
378,132,arrival_departure,596.5008301269899,,,,
379,132,queue,,,,,596.5008301269899
